00005735/17,201701,CALLES Y VEREDAS,REPARACION DE VEREDA,REPARACION DE VEREDA,SOLICITUD,2/1/2017,5:48:31 p.m.,COMUNA 5,BOEDO,GIBSON,4192,,-34.638971681443,-58.4224202457747,WEB,FEMENINO,ABIERTO
00004008/17,201701,MEDIOS DE TRANSPORTE,BICICLETAS,INCONVENIENTES CON ECOBICIS,QUEJA,2/1/2017,1:47:51 p.m.,COMUNA 4,BOCA,GARCIA MARTIN AV.,364,,-34.6289108066142,-58.3699400129738,147,MASCULINO,ABIERTO
00004187/17,201701,MEDIOS DE TRANSPORTE,BICICLETAS,INCONVENIENTES CON ECOBICIS,QUEJA,2/1/2017,2:08:49 p.m.,COMUNA 4,BOCA,GARCIA MARTIN AV.,364,,-34.6289108066142,-58.3699400129738,147,MASCULINO,ABIERTO
00011267/17,201701,MEDIOS DE TRANSPORTE,BICICLETAS,INCONVENIENTES CON ECOBICIS,QUEJA,3/1/2017,4:50:42 p.m.,COMUNA 14,PALERMO,JUNCAL,3102,,-34.5860840647047,-58.4084105506486,WEB,FEMENINO,ABIERTO
00011302/17,201701,LIMPIEZA Y RECOLECCION,CESTOS Y CONTENEDORES,INSTALACION/REPARACION DE CONTENEDOR,SOLICITUD,3/1/2017,4:54:36 p.m.,COMUNA 4,PARQUE PATRICIOS,GARAY, JUAN DE AV.,2158,,-34.6275856312034,-58.3934973144262,WEB,MASCULINO,ABIERTO
00000008/17,201701,TRANSITO,DENUNCIA VIAL,VEHICULO MAL ESTACIONADO,DENUNCIA,1/1/2017,2:29:47 a.m.,COMUNA 10,MONTE CASTRO,RANQUELES,1868,,-34.6227839708501,-58.5093393218342,APP,MASCULINO,CERRADO
00000303/17,201701,TRANSITO,DENUNCIA VIAL,VEHICULO MAL ESTACIONADO,DENUNCIA,1/1/2017,4:22:35 p.m.,COMUNA 13,NUÑEZ,CUBA,3100,,-34.5519192241665,-58.4632380303417,APP,MASCULINO,CERRADO
00000912/17,201701,TRANSITO,DENUNCIA VIAL,VEHICULO MAL ESTACIONADO,DENUNCIA,2/1/2017,2:14:23 a.m.,COMUNA 15,VILLA ORTUZAR,ALVAREZ THOMAS AV.,2101,,-34.5782046925585,-58.4708634598374,WEB,MASCULINO,CERRADO
00000913/17,201701,TRANSITO,DENUNCIA VIAL,VEHICULO MAL ESTACIONADO,DENUNCIA,2/1/2017,2:17:48 a.m.,COMUNA 13,NUÑEZ,VIDAL,3301,,-34.5535288750133,-58.4698565869227,WEB,MASCULINO,CERRADO
00001803/17,201701,TRANSITO,DENUNCIA VIAL,VEHICULO MAL ESTACIONADO,DENUNCIA,2/1/2017,10:10:33 a.m.,COMUNA 13,NUÑEZ,CUBA,3100,,-34.5519192241665,-58.4632380303417,APP,MASCULINO,CERRADO
00012011/17,201701,MEDIOS DE TRANSPORTE,BICICLETAS,INCONVENIENTES CON ECOBICIS,QUEJA,3/1/2017,6:58:56 p.m.,COMUNA 3,BALVANERA,RIOBAMBA,125,,-34.6077207793003,-58.3934542317129,147,FEMENINO,ABIERTO
00012112/17,201701,MEDIOS DE TRANSPORTE,BICICLETAS,INCONVENIENTES CON ECOBICIS,QUEJA,3/1/2017,7:17:05 p.m.,COMUNA 14,PALERMO,PEREYRA LUCENA,2534,,-34.5835361913733,-58.401036114384,147,MASCULINO,ABIERTO
00014675/17,201701,TRANSITO,DENUNCIA VIAL,VEHICULO MAL ESTACIONADO,DENUNCIA,4/1/2017,11:36:36 a.m.,COMUNA 5,BOEDO,MUÑIZ,1600,,-34.6321369832622,-58.4241835149875,APP,MASCULINO,CERRADO
00020827/17,201701,TRANSITO,DENUNCIA VIAL,VEHICULO MAL ESTACIONADO,DENUNCIA,5/1/2017,12:32:30 p.m.,COMUNA 5,BOEDO,ESTADOS UNIDOS,3873,,-34.6227271001961,-58.4200432902426,WEB,FEMENINO,CERRADO
00020978/17,201701,MEDIOS DE TRANSPORTE,BICICLETAS,INCONVENIENTES CON ECOBICIS,QUEJA,5/1/2017,12:51:59 p.m.,COMUNA 14,PALERMO,GASCON,1413,,-34.5939382721194,-58.4227834531454,147,FEMENINO,ABIERTO
00022824/17,201701,SUGERENCIAS Y LIBRO DE QUEJAS,ATENCION,MALA ATENCION AL PUBLICO,QUEJA,5/1/2017,5:56:48 p.m.,COMUNA 1,SAN NICOLAS,VIAMONTE,900,,-34.600171346821,-58.3792341048561,147,FEMENINO,ABIERTO
00024734/17,201701,ARBOLADO Y ESPACIOS VERDES,EXTRACCION DE ARBOL,EXTRACCION DE ARBOL,SOLICITUD,6/1/2017,10:09:29 a.m.,COMUNA 6,CABALLITO,CACHIMAYO,46,,-34.6216763656204,-58.4425216537364,WEB,MASCULINO,ABIERTO
00027183/17,201701,SEGURIDAD,PRESENCIA POLICIAL,MAYOR PRESENCIA POLICIAL,REPORTE,6/1/2017,4:25:40 p.m.,COMUNA 4,NUEVA POMPEYA,MOM,2600,,-34.6486892872148,-58.4295201415074,WEB,FEMENINO,ABIERTO
00028650/17,201701,CALLES Y VEREDAS,REPARACION DE VEREDA,REPARACION DE VEREDA,SOLICITUD,7/1/2017,9:01:36 a.m.,COMUNA 14,PALERMO,REPUBLICA ARABE SIRIA,2886,,-34.5836910802684,-58.4160130293795,APP,FEMENINO,CERRADO
00029644/17,201701,TRANSITO,DENUNCIA VIAL,VEHICULO MAL ESTACIONADO,DENUNCIA,7/1/2017,5:58:08 p.m.,COMUNA 15,VILLA ORTUZAR,ACHA, MARIANO, GRAL.,901,,-34.5848903044429,-58.4720403178611,WEB,MASCULINO,CERRADO
00030813/17,201701,TRANSITO,DENUNCIA VIAL,VEHICULO MAL ESTACIONADO,DENUNCIA,8/1/2017,3:51:54 p.m.,COMUNA 13,NUÑEZ,PEDRAZA, MANUELA,2598,,-34.5526719734159,-58.4679534010706,WEB,MASCULINO,CERRADO
00031735/17,201701,TRANSITO,DENUNCIA VIAL,VEHICULO MAL ESTACIONADO,DENUNCIA,9/1/2017,1:25:13 a.m.,COMUNA 13,NUÑEZ,CRAMER AV.,3134,,-34.5556584583783,-58.4692930925053,WEB,MASCULINO,CERRADO
00031756/17,201701,TRANSITO,DENUNCIA VIAL,VEHICULO MAL ESTACIONADO,DENUNCIA,9/1/2017,2:00:15 a.m.,COMUNA 13,NUÑEZ,PEDRAZA, MANUELA,2725,,-34.5532511573683,-58.4692558943894,WEB,MASCULINO,CERRADO
00031777/17,201701,TRANSITO,DENUNCIA VIAL,VEHICULO MAL ESTACIONADO,DENUNCIA,9/1/2017,2:55:03 a.m.,COMUNA 13,NUÑEZ,PEDRAZA, MANUELA,2499,,-34.5521763588813,-58.4671656253541,WEB,MASCULINO,CERRADO
00031778/17,201701,TRANSITO,DENUNCIA VIAL,VEHICULO MAL ESTACIONADO,DENUNCIA,9/1/2017,2:57:27 a.m.,COMUNA 13,NUÑEZ,CIUDAD DE LA PAZ,3398,,-34.5515946260679,-58.4678140918457,WEB,MASCULINO,CERRADO
00031780/17,201701,TRANSITO,DENUNCIA VIAL,VEHICULO MAL ESTACIONADO,DENUNCIA,9/1/2017,3:00:15 a.m.,COMUNA 12,VILLA URQUIZA,OLAZABAL AV.,4769,,-34.5744833472599,-58.4825110291372,WEB,MASCULINO,CERRADO
00031781/17,201701,TRANSITO,DENUNCIA VIAL,VEHICULO MAL ESTACIONADO,DENUNCIA,9/1/2017,3:03:10 a.m.,COMUNA 13,NUÑEZ,PEDRAZA, MANUELA,2499,,-34.5521763588813,-58.4671656253541,WEB,MASCULINO,CERRADO
00031783/17,201701,TRANSITO,DENUNCIA VIAL,VEHICULO MAL ESTACIONADO,DENUNCIA,9/1/2017,3:07:13 a.m.,COMUNA 12,VILLA URQUIZA,MONROE,4085,,-34.56823687159,-58.4761523376026,WEB,MASCULINO,CERRADO
00031784/17,201701,TRANSITO,DENUNCIA VIAL,VEHICULO MAL ESTACIONADO,DENUNCIA,9/1/2017,3:09:53 a.m.,COMUNA 13,NUÑEZ,PEDRAZA, MANUELA,2775,,-34.5534426209199,-58.4696156981361,WEB,MASCULINO,CERRADO
00000005/17,201701,TRANSITO,DENUNCIA VIAL,VEHICULO MAL ESTACIONADO,DENUNCIA,1/1/2017,1:23:56 a.m.,COMUNA 5,ALMAGRO,YRIGOYEN, HIPOLITO AV.,3688,,-34.6142403542144,-58.4182327785395,APP,MASCULINO,CERRADO
00031786/17,201701,TRANSITO,DENUNCIA VIAL,VEHICULO MAL ESTACIONADO,DENUNCIA,9/1/2017,3:12:29 a.m.,COMUNA 12,COGHLAN,ROOSEVELT FRANKLIN D.,3180,,-34.5619038654035,-58.4679816664565,WEB,MASCULINO,CERRADO
00000458/17,201701,TRANSITO,DENUNCIA VIAL,VEHICULO MAL ESTACIONADO,DENUNCIA,1/1/2017,7:36:05 p.m.,COMUNA 10,VILLA LURO,DONIZETTI,36,,-34.6375674068916,-58.4964080393601,APP,MASCULINO,CERRADO
00000460/17,201701,TRANSITO,DENUNCIA VIAL,VEHICULO MAL ESTACIONADO,DENUNCIA,1/1/2017,7:37:32 p.m.,COMUNA 13,NUÑEZ,PEDRAZA, MANUELA,2285,,-34.5505386179981,-58.4650462898546,APP,FEMENINO,CERRADO
00031787/17,201701,TRANSITO,DENUNCIA VIAL,VEHICULO MAL ESTACIONADO,DENUNCIA,9/1/2017,3:15:27 a.m.,COMUNA 12,COGHLAN,FREIRE, RAMON, CAP. GRAL.,2601,,-34.5620447082214,-58.468341756458,WEB,MASCULINO,CERRADO
00000563/17,201701,TRANSITO,DENUNCIA VIAL,VEHICULO MAL ESTACIONADO,DENUNCIA,1/1/2017,8:55:47 p.m.,COMUNA 10,VILLA LURO,LEOPARDI,238,,-34.6402405412329,-58.4973880309807,APP,MASCULINO,CERRADO
00000567/17,201701,TRANSITO,DENUNCIA VIAL,VEHICULO MAL ESTACIONADO,DENUNCIA,1/1/2017,8:57:40 p.m.,COMUNA 13,BELGRANO,SUPERI,1799,,-34.57069033791,-58.4640260295551,WEB,MASCULINO,CERRADO
00000591/17,201701,TRANSITO,DENUNCIA VIAL,VEHICULO MAL ESTACIONADO,DENUNCIA,1/1/2017,9:11:25 p.m.,COMUNA 13,BELGRANO,ECHEVERRIA,3025,,-34.5664141134679,-58.461778799406,WEB,MASCULINO,CERRADO
00031789/17,201701,TRANSITO,DENUNCIA VIAL,VEHICULO MAL ESTACIONADO,DENUNCIA,9/1/2017,3:17:44 a.m.,COMUNA 13,BELGRANO,CONGRESO AV.,3012,,-34.5585939931166,-58.4683960266387,WEB,MASCULINO,CERRADO
00008860/17,201701,ARBOLADO Y ESPACIOS VERDES,PROBLEMA CON INTERVENCIONES DE ARBOLADO,PROBLEMAS CON INTERVENCIONES DE ARBOLADO,SOLICITUD,3/1/2017,11:33:15 a.m.,COMUNA 5,BOEDO,SANCHEZ DE LORIA,1807,,-34.6318752865923,-58.4116771948229,COMUNAS,FEMENINO,CERRADO
00031799/17,201701,CALLES Y VEREDAS,REPARACION DE VEREDA,REPARACION DE VEREDA,SOLICITUD,9/1/2017,4:57:03 a.m.,COMUNA 14,PALERMO,HUMBOLDT,2356,,-34.5795871468042,-58.4294118040846,APP,FEMENINO,ABIERTO
00037921/17,201701,TRANSITO,DENUNCIA VIAL,VEHICULO MAL ESTACIONADO,DENUNCIA,9/1/2017,10:15:43 p.m.,COMUNA 12,VILLA URQUIZA,ECHEVERRIA,4740,,-34.5761632006952,-58.4776537313169,WEB,MASCULINO,CERRADO
00010364/17,201701,ORDENAMIENTO DEL ESPACIO PUBLICO,OCUPACION INDEBIDA,OCUPACION INDEBIDA POR LOCAL COMERCIAL,DENUNCIA,3/1/2017,2:34:23 p.m.,COMUNA 15,VILLA CRESPO,DARWIN,736,,-34.5931845964805,-58.4440936902178,WEB,FEMENINO,ABIERTO
00013500/17,201701,TRANSITO,DENUNCIA VIAL,VEHICULO MAL ESTACIONADO,DENUNCIA,4/1/2017,9:12:39 a.m.,COMUNA 6,CABALLITO,HORTIGUERA,75,,-34.6237460202613,-58.4470067596658,APP,MASCULINO,CERRADO
00017532/17,201701,MEDIOS DE TRANSPORTE,BICICLETAS,INCONVENIENTES CON ECOBICIS,QUEJA,4/1/2017,6:03:58 p.m.,COMUNA 6,CABALLITO,RIO DE JANEIRO,1034,,-34.6036046819742,-58.4326622141794,147,MASCULINO,ABIERTO
00017942/17,201701,TRANSITO,DENUNCIA VIAL,VEHICULO MAL ESTACIONADO,DENUNCIA,4/1/2017,7:38:26 p.m.,COMUNA 13,COLEGIALES,MARTINEZ, ENRIQUE, GRAL.,705,,-34.5782787677779,-58.4512091608517,APP,MASCULINO,CERRADO
00017943/17,201701,SUGERENCIAS Y LIBRO DE QUEJAS,SUGERENCIAS EN TRAMITE,MEJORA EN LOS PROCESOS DE TRAMITES,QUEJA,4/1/2017,7:38:59 p.m.,COMUNA 10,FLORESTA,BACACAY,3968,,-34.6318140326418,-58.4835677296675,147,FEMENINO,ABIERTO
00000001/17,201701,ALUMBRADO,REPARACION DE LUMINARIA,REPARACION DE LUMINARIA APAGADA DURANTE LA NOCHE,SOLICITUD,1/1/2017,12:35:14 a.m.,COMUNA 3,SAN CRISTOBAL,SARANDI,1502,,-34.6266616113165,-58.3932559742222,WEB,MASCULINO,CERRADO
00000002/17,201701,TRANSITO,DENUNCIA VIAL,VEHICULO MAL ESTACIONADO,DENUNCIA,1/1/2017,12:39:23 a.m.,COMUNA 1,SAN NICOLAS,ESMERALDA,602,,-34.6011053900233,-58.3782307637672,APP,FEMENINO,CERRADO
00000003/17,201701,TRANSITO,DENUNCIA VIAL,VEHICULO MAL ESTACIONADO,DENUNCIA,1/1/2017,12:40:24 a.m.,COMUNA 1,SAN NICOLAS,ESMERALDA,602,,-34.6011053900233,-58.3782307637672,APP,FEMENINO,CERRADO
00000004/17,201701,TRANSITO,DENUNCIA VIAL,VEHICULO MAL ESTACIONADO,DENUNCIA,1/1/2017,1:16:30 a.m.,COMUNA 13,NUÑEZ,VUELTA DE OBLIGADO,3100,,-34.5523874054859,-58.4641827391939,APP,MASCULINO,CERRADO
00000014/17,201701,ALUMBRADO,REPARACION DE LUMINARIA,REPARACION DE LUMINARIA APAGADA DURANTE LA NOCHE,SOLICITUD,1/1/2017,4:12:20 a.m.,COMUNA 7,PARQUE CHACABUCO,HORTIGUERA,727,,-34.6309671314588,-58.4439521734803,APP,FEMENINO,CERRADO
00000017/17,201701,LIMPIEZA Y RECOLECCION,CESTOS Y CONTENEDORES,INSTALACION/REPARACION DE CONTENEDOR,SOLICITUD,1/1/2017,6:44:46 a.m.,COMUNA 1,MONSERRAT,PERU,501,,-34.6139096004795,-58.374701444517,WEB,MASCULINO,CERRADO
00000018/17,201701,TRANSITO,DENUNCIA VIAL,VEHICULO MAL ESTACIONADO,DENUNCIA,1/1/2017,6:47:54 a.m.,COMUNA 14,PALERMO,CABRERA, JOSE A.,4878,,-34.5908976541911,-58.4310390460439,APP,FEMENINO,CERRADO
00000024/17,201701,TRANSITO,DENUNCIA VIAL,VEHICULO MAL ESTACIONADO,DENUNCIA,1/1/2017,9:17:13 a.m.,COMUNA 15,AGRONOMIA,TRIPOLI,4100,,-34.5890374761209,-58.4953201876733,APP,FEMENINO,CERRADO
00000035/17,201701,LIMPIEZA Y RECOLECCION,RESIDUOS VOLUMINOSOS,RETIRO DE ESCOMBROS / RESTOS DE OBRA,SERVICIO,1/1/2017,10:05:38 a.m.,COMUNA 11,VILLA DEVOTO,EPECUEN,4711,,-34.5906125157862,-58.5097353370497,APP,FEMENINO,CERRADO
00000045/17,201701,CALLES Y VEREDAS,REPARACION DE VEREDA,REPARACION DE VEREDA,SOLICITUD,1/1/2017,10:25:24 a.m.,COMUNA 7,PARQUE CHACABUCO,VIEL,1000,,-34.6288220738578,-58.430597470585,WEB,MASCULINO,ABIERTO
00000051/17,201701,MEDIOS DE TRANSPORTE,BICICLETAS,INCONVENIENTES CON ECOBICIS,QUEJA,1/1/2017,10:38:04 a.m.,COMUNA 15,CHACARITA,GUZMAN,,ARENAL, CONCEPCION,-34.5911620001921,-58.4502280890762,WEB,MASCULINO,CERRADO
00000053/17,201701,MEDIO AMBIENTE Y RECICLADO,OCUPACION INDEBIDA,OCUPACION INDEBIDA DEL ESPACIO PUBLICO POR RECUPERADORES,DENUNCIA,1/1/2017,10:46:19 a.m.,COMUNA 7,PARQUE CHACABUCO,VIEL,1000,,-34.6288220738578,-58.430597470585,WEB,MASCULINO,CERRADO
00000054/17,201701,LIMPIEZA Y RECOLECCION,CESTOS Y CONTENEDORES,INSTALACION/REPARACION DE CONTENEDOR,SOLICITUD,1/1/2017,10:47:39 a.m.,COMUNA 6,CABALLITO,FORMOSA,617,,-34.6220010605469,-58.4369004960381,WEB,MASCULINO,CERRADO
00000065/17,201701,LIMPIEZA Y RECOLECCION,LIMPIEZA DE VIA PUBLICA,MEJORA DE BARRIDO,SOLICITUD,1/1/2017,11:10:12 a.m.,COMUNA 13,NUÑEZ,DEL LIBERTADOR AV.,8342,,-34.5387657236956,-58.4651889297612,APP,MASCULINO,CERRADO
00000073/17,201701,TRANSITO,DENUNCIA VIAL,VEHICULO MAL ESTACIONADO,DENUNCIA,1/1/2017,11:35:41 a.m.,COMUNA 13,NUÑEZ,VUELTA DE OBLIGADO,3200,,-34.5516168130063,-58.4647471311862,APP,MASCULINO,CERRADO
00000074/17,201701,ARBOLADO Y ESPACIOS VERDES,PROBLEMA CON INTERVENCIONES DE ARBOLADO,FALTA DE RECOLECCION DE RESTOS DE PODA DE ARBOLADO PUBLICO,SOLICITUD,1/1/2017,11:36:01 a.m.,COMUNA 6,CABALLITO,NEUQUEN,725,,-34.615898135664,-58.4413672716601,WEB,MASCULINO,CERRADO
00000075/17,201701,TRANSITO,DENUNCIA VIAL,VEHICULO MAL ESTACIONADO,DENUNCIA,1/1/2017,11:38:14 a.m.,COMUNA 13,NUÑEZ,CUBA,3100,,-34.5519192241665,-58.4632380303417,APP,MASCULINO,CERRADO
00000077/17,201701,TRANSITO,DENUNCIA VIAL,VEHICULO MAL ESTACIONADO,DENUNCIA,1/1/2017,11:40:47 a.m.,COMUNA 13,NUÑEZ,GUAYRA,2200,,-34.5518056980281,-58.4631380271346,APP,MASCULINO,CERRADO
00000728/17,201701,ALUMBRADO,REPARACION DE LUMINARIA,REPARACION DE LUMINARIA APAGADA DURANTE LA NOCHE,SOLICITUD,1/1/2017,10:58:44 p.m.,COMUNA 11,VILLA DEVOTO,GUALEGUAYCHU,4801,,-34.5952688937881,-58.5192271193695,APP,MASCULINO,CERRADO
00000079/17,201701,ALUMBRADO,REPARACION DE EQUIPAMIENTO DE ALUMBRADO,REPARACION DE CABLE DE ALUMBRADO CORTADO / CAIDO,SOLICITUD,1/1/2017,11:41:41 a.m.,COMUNA 7,FLORES,VARELA AV.,1468,,-34.64475552536,-58.4528023263325,WEB,MASCULINO,CERRADO
00000082/17,201701,TRANSITO,VEHICULOS ABANDONADOS,REMOCION DE VEHICULO / AUTO ABANDONADO,SOLICITUD,1/1/2017,11:45:47 a.m.,COMUNA 11,VILLA DEL PARQUE,GONZALEZ, AGUSTIN, ING.,2280,,-34.6009125846874,-58.478694283143,WEB,FEMENINO,CERRADO
00000083/17,201701,ORDENAMIENTO DEL ESPACIO PUBLICO,OCUPACION INDEBIDA,OCUPACION INDEBIDA POR LOCAL COMERCIAL,DENUNCIA,1/1/2017,11:48:41 a.m.,COMUNA 5,ALMAGRO,GALLO,902,,-34.599134014236,-58.4121604131794,WEB,MASCULINO,ABIERTO
00000085/17,201701,CALLES Y VEREDAS,REPARACION DE VEREDA,REPARACION DE VEREDA,SOLICITUD,1/1/2017,11:51:40 a.m.,COMUNA 8,VILLA LUGANO,LARRAZABAL,2832,,-34.6655904783186,-58.485995169047,APP,MASCULINO,ABIERTO
00000089/17,201701,TRANSITO,VEHICULOS ABANDONADOS,REMOCION DE VEHICULO / AUTO ABANDONADO,SOLICITUD,1/1/2017,11:55:38 a.m.,COMUNA 14,PALERMO,GASCON,,LAVALLE,-34.5977443730012,-58.4233713594168,WEB,FEMENINO,CERRADO
00000093/17,201701,TRANSITO,DENUNCIA VIAL,VEHICULO MAL ESTACIONADO,DENUNCIA,1/1/2017,12:06:14 p.m.,COMUNA 6,CABALLITO,TRES ARROYOS,1161,,-34.6067635747068,-58.4561552122151,APP,FEMENINO,CERRADO
00000100/17,201701,TRANSITO,VEHICULOS ABANDONADOS,REMOCION DE VEHICULO / AUTO ABANDONADO,SOLICITUD,1/1/2017,12:11:05 p.m.,COMUNA 1,PUERTO MADERO,GUEMES, MACACHA,515,,-34.6051638064145,-58.3621426299005,APP,FEMENINO,CERRADO
00000102/17,201701,LIMPIEZA Y RECOLECCION,CESTOS Y CONTENEDORES,INSTALACION/REPARACION DE CESTO PAPELERO,SOLICITUD,1/1/2017,12:12:16 p.m.,COMUNA 6,CABALLITO,ROSARIO,406,,-34.619140947955,-58.4346667670087,WEB,MASCULINO,CERRADO
00000105/17,201701,ALUMBRADO,REPARACION DE LUMINARIA,REPARACION DE LUMINARIA APAGADA DURANTE LA NOCHE,SOLICITUD,1/1/2017,12:16:51 p.m.,COMUNA 11,VILLA DEL PARQUE,LOZANO, PEDRO,2696,,-34.5977185379925,-58.4890640845077,WEB,FEMENINO,CERRADO
00000110/17,201701,ARBOLADO Y ESPACIOS VERDES,PARQUES Y PLAZAS,CORTE Y LIMPIEZA DE CESPED EN PARQUE / PLAZA,SOLICITUD,1/1/2017,12:20:52 p.m.,COMUNA 15,PARQUE CHAS,HAMBURGO,3342,,-34.5876617719398,-58.4845647791894,APP,MASCULINO,CERRADO
00000118/17,201701,TRANSITO,DENUNCIA VIAL,VEHICULO MAL ESTACIONADO,DENUNCIA,1/1/2017,12:30:58 p.m.,COMUNA 15,PATERNAL,AVALOS,275,,-34.5935319792267,-58.4667905454438,APP,FEMENINO,CERRADO
00000121/17,201701,LIMPIEZA Y RECOLECCION,RESIDUOS VOLUMINOSOS,RETIRO DE ESCOMBROS / RESTOS DE OBRA,SERVICIO,1/1/2017,12:34:33 p.m.,COMUNA 11,VILLA DEVOTO,MISTRAL, GABRIELA,4415,,-34.5987790272158,-58.5204287442699,WEB,FEMENINO,CERRADO
00000129/17,201701,TRANSITO,DENUNCIA VIAL,VEHICULO MAL ESTACIONADO,DENUNCIA,1/1/2017,12:46:02 p.m.,COMUNA 14,PALERMO,OLLEROS AV.,1700,,-34.5644084167943,-58.4372513976441,APP,MASCULINO,CERRADO
00000132/17,201701,TRANSITO,VEHICULOS ABANDONADOS,REMOCION DE VEHICULO / AUTO ABANDONADO,SOLICITUD,1/1/2017,12:51:54 p.m.,COMUNA 5,BOEDO,CASEROS AV.,3531,,-34.6386749424788,-58.4149768653969,APP,MASCULINO,CERRADO
00000133/17,201701,LIMPIEZA Y RECOLECCION,LIMPIEZA DE VIA PUBLICA,RECOLECCION DE RESIDUOS FUERA DEL CONTENEDOR,SOLICITUD,1/1/2017,12:52:12 p.m.,COMUNA 8,VILLA LUGANO,SARAZA,5450,,-34.6702996587568,-58.4787640452729,WEB,FEMENINO,CERRADO
00000137/17,201701,TRANSITO,DENUNCIA VIAL,VEHICULO MAL ESTACIONADO,DENUNCIA,1/1/2017,12:55:40 p.m.,COMUNA 13,NUÑEZ,ARCOS,3100,,-34.5514479435978,-58.4622933473624,APP,MASCULINO,CERRADO
00000143/17,201701,LIMPIEZA Y RECOLECCION,CESTOS Y CONTENEDORES,INSTALACION/REPARACION DE CONTENEDOR,SOLICITUD,1/1/2017,1:02:19 p.m.,COMUNA 7,FLORES,PERON, EVA AV.,3000,,-34.6422989169102,-58.4592277433938,WEB,MASCULINO,CERRADO
00000147/17,201701,ARBOLADO Y ESPACIOS VERDES,PODA DE ARBOL Y DESPEJE DE LUMINARIA,PODA INTEGRAL / DESPEJE DE LUMINARIA,SOLICITUD,1/1/2017,1:06:02 p.m.,COMUNA 15,PARQUE CHAS,BAUNESS,1644,,-34.5829006252234,-58.4815120592123,WEB,FEMENINO,ABIERTO
00000149/17,201701,LIMPIEZA Y RECOLECCION,RESIDUOS VOLUMINOSOS,RETIRO DE ESCOMBROS / RESTOS DE OBRA,SERVICIO,1/1/2017,1:06:47 p.m.,COMUNA 12,VILLA PUEYRREDON,ARTIGAS, JOSE GERVASIO, GRAL.,4650,,-34.5839007140553,-58.4973335059077,WEB,MASCULINO,CERRADO
00000155/17,201701,ALUMBRADO,REPARACION DE LUMINARIA,REPARACION DE LUMINARIA APAGADA DURANTE LA NOCHE,SOLICITUD,1/1/2017,1:14:30 p.m.,COMUNA 7,FLORES,PERON, EVA AV.,2800,,-34.6416442152822,-58.4579789780321,WEB,MASCULINO,ABIERTO
00000157/17,201701,FISCALIZACION ACTIVIDADES COMERCIALES,HIGIENE Y SEGURIDAD ALIMENTARIA,INTOXICACION / ENFERMEDAD POR ALIMENTOS / BEBIDAS EN MAL ESTADO,DENUNCIA,1/1/2017,1:15:21 p.m.,COMUNA 14,PALERMO,HUMBOLDT,1879,,-34.5836880492194,-58.4339503150812,WEB,MASCULINO,CERRADO
00000158/17,201701,LIMPIEZA Y RECOLECCION,CESTOS Y CONTENEDORES,LIMPIEZA/VACIADO DE CONTENEDOR,SOLICITUD,1/1/2017,1:16:15 p.m.,COMUNA 2,RECOLETA,LAPRIDA,924,,-34.5976859272688,-58.4093015473077,WEB,FEMENINO,CERRADO
00000159/17,201701,TRANSITO,VEHICULOS ABANDONADOS,REMOCION DE VEHICULO / AUTO ABANDONADO,SOLICITUD,1/1/2017,1:17:26 p.m.,COMUNA 5,ALMAGRO,BULNES,968,,-34.6004091576007,-58.4178068435413,WEB,FEMENINO,CERRADO
00000161/17,201701,CALLES Y VEREDAS,MOBILIARIO URBANO,REPARACION DE REJAS EN ESQUINA,SOLICITUD,1/1/2017,1:19:28 p.m.,COMUNA 13,NUÑEZ,LARRALDE, CRISOLOGO,1949,,-34.5433085976665,-58.4625218641361,APP,MASCULINO,CERRADO
00000164/17,201701,RECICLADO Y PROTECCION AMBIENTAL,RUIDOS MOLESTOS, EMANACIONES O DERRAMES,MALOS OLORES / HUMOS / GASES TOXICOS,DENUNCIA,1/1/2017,1:24:10 p.m.,COMUNA 12,VILLA PUEYRREDON,LARSEN,2627,,-34.5772823920207,-58.5057460252872,WEB,MASCULINO,CERRADO
00000165/17,201701,CALLES Y VEREDAS,REPARACION DE VEREDA,REPARACION DE VEREDA,SOLICITUD,1/1/2017,1:30:50 p.m.,COMUNA 7,FLORES,ALVAREZ, DONATO, TTE. GRAL.,790,,-34.6167636772321,-58.4581766506984,WEB,FEMENINO,CERRADO
00000176/17,201701,TRANSITO,DENUNCIA VIAL,VEHICULO MAL ESTACIONADO,DENUNCIA,1/1/2017,1:50:00 p.m.,COMUNA 14,PALERMO,DEL LIBERTADOR AV.,4350,,-34.5694335044537,-58.4269818737197,APP,MASCULINO,CERRADO
00000179/17,201701,FISCALIZACION ACTIVIDADES COMERCIALES,DEFENSA AL CONSUMIDOR,INCONVENIENTES PARA EL ESTACIONAMIENTO DE BICICLETAS EN GARAJES,DENUNCIA,1/1/2017,1:52:58 p.m.,COMUNA 14,PALERMO,BONPLAND,2461,,-34.5773736555114,-58.4304164415336,WEB,MASCULINO,ABIERTO
00000185/17,201701,FISCALIZACION ACTIVIDADES COMERCIALES,DEFENSA AL CONSUMIDOR,INCONVENIENTES PARA EL ESTACIONAMIENTO DE BICICLETAS EN GARAJES,DENUNCIA,1/1/2017,2:03:16 p.m.,COMUNA 14,PALERMO,FITZ ROY,2338,,-34.578965451459,-58.4304663829515,WEB,MASCULINO,ABIERTO
00000187/17,201701,LIMPIEZA Y RECOLECCION,RESIDUOS VOLUMINOSOS,RETIRO DE RESIDUOS VOLUMINOSOS (MUEBLES Y ELECTRODOMESTICOS),SERVICIO,1/1/2017,2:05:37 p.m.,COMUNA 10,VERSALLES,PORCEL DE PERALTA, MANUEL,1018,,-34.6256535395335,-58.5250465263661,WEB,MASCULINO,CERRADO
00000188/17,201701,ALUMBRADO,REPARACION DE LUMINARIA,REPARACION DE LUMINARIA APAGADA DURANTE LA NOCHE,SOLICITUD,1/1/2017,2:08:35 p.m.,COMUNA 13,COLEGIALES,FREIRE, RAMON, CAP. GRAL.,1133,,-34.5742235485499,-58.4545791906817,WEB,FEMENINO,CERRADO
00000190/17,201701,TRANSITO,DENUNCIA VIAL,VEHICULO MAL ESTACIONADO,DENUNCIA,1/1/2017,2:10:49 p.m.,COMUNA 12,VILLA URQUIZA,GALVAN,2747,,-34.5699135847084,-58.4847226950249,APP,FEMENINO,CERRADO
00000197/17,201701,SEGURIDAD,PRESENCIA POLICIAL,MAYOR PRESENCIA POLICIAL,REPORTE,1/1/2017,2:22:20 p.m.,COMUNA 1,CONSTITUCION,SANTIAGO DEL ESTERO,1028,,-34.6202111387401,-58.3843113920841,WEB,MASCULINO,ABIERTO
00000211/17,201701,TRANSITO,DENUNCIA VIAL,VEHICULO MAL ESTACIONADO,DENUNCIA,1/1/2017,2:37:27 p.m.,COMUNA 6,CABALLITO,ARENGREEN,709,,-34.6109796036361,-58.4432873206858,WEB,FEMENINO,CERRADO
00000213/17,201701,TRANSITO,DENUNCIA VIAL,VEHICULO MAL ESTACIONADO,DENUNCIA,1/1/2017,2:40:14 p.m.,COMUNA 12,SAAVEDRA,RAMALLO,4453,,-34.5514751134115,-58.4918150457874,APP,MASCULINO,CERRADO
00000222/17,201701,TRANSITO,DENUNCIA VIAL,VEHICULO MAL ESTACIONADO,DENUNCIA,1/1/2017,2:49:36 p.m.,COMUNA 3,SAN CRISTOBAL,CALVO, CARLOS,2162,,-34.6207124025181,-58.3965544284946,APP,FEMENINO,CERRADO
00000225/17,201701,TRANSITO,DENUNCIA VIAL,VEHICULO MAL ESTACIONADO,DENUNCIA,1/1/2017,2:52:43 p.m.,COMUNA 3,SAN CRISTOBAL,CALVO, CARLOS,2180,,-34.6207241204813,-58.3967350076356,APP,FEMENINO,CERRADO
00000237/17,201701,ARBOLADO Y ESPACIOS VERDES,PODA DE ARBOL Y DESPEJE DE LUMINARIA,PODA INTEGRAL / DESPEJE DE LUMINARIA,SOLICITUD,1/1/2017,3:12:53 p.m.,COMUNA 13,BELGRANO,ECHEVERRIA,3105,,-34.5670197008567,-58.462799260486,APP,MASCULINO,CERRADO
00000245/17,201701,FISCALIZACION ACTIVIDADES COMERCIALES,HABILITACIONES Y PERMISOS,ESTABLECIMIENTO SIN HABILITACION,DENUNCIA,1/1/2017,3:17:57 p.m.,COMUNA 5,BOEDO,BOEDO AV.,969,,-34.6251070543543,-58.4162242527983,WEB,FEMENINO,CERRADO
00000248/17,201701,ARBOLADO Y ESPACIOS VERDES,PODA DE ARBOL Y DESPEJE DE LUMINARIA,PODA INTEGRAL / DESPEJE DE LUMINARIA,SOLICITUD,1/1/2017,3:19:35 p.m.,COMUNA 13,BELGRANO,ZAPIOLA,1920,,-34.5674685079431,-58.4621309767717,APP,MASCULINO,CERRADO
00000251/17,201701,ALUMBRADO,REPARACION DE LUMINARIA,REPARACION DE LUMINARIA APAGADA DURANTE LA NOCHE,SOLICITUD,1/1/2017,3:22:37 p.m.,COMUNA 13,BELGRANO,ZAPIOLA,1920,,-34.5674685079431,-58.4621309767717,APP,MASCULINO,CERRADO
00000260/17,201701,CALLES Y VEREDAS,REPARACION DE BACHES,REPARACION DE BACHE,SOLICITUD,1/1/2017,3:32:17 p.m.,COMUNA 12,VILLA URQUIZA,LUGONES,1880,,-34.5759880333187,-58.4752485748229,WEB,FEMENINO,CERRADO
00000261/17,201701,LIMPIEZA Y RECOLECCION,LIMPIEZA DE VIA PUBLICA,MEJORA DE BARRIDO,SOLICITUD,1/1/2017,3:33:04 p.m.,COMUNA 7,PARQUE CHACABUCO,LAFERRERE, GREGORIO DE,1760,,-34.6327518516104,-58.4508507644746,APP,MASCULINO,CERRADO
00000271/17,201701,TRANSITO,DENUNCIA VIAL,VEHICULO MAL ESTACIONADO,DENUNCIA,1/1/2017,3:53:20 p.m.,COMUNA 13,NUÑEZ,CUBA,3200,,-34.5511602644748,-58.4637933254241,APP,MASCULINO,CERRADO
00000273/17,201701,TRANSITO,DENUNCIA VIAL,VEHICULO MAL ESTACIONADO,DENUNCIA,1/1/2017,3:54:58 p.m.,COMUNA 13,NUÑEZ,GUAYRA,2300,,-34.5522733212586,-58.4640804287875,APP,MASCULINO,CERRADO
00000324/17,201701,ALUMBRADO,REPARACION DE LUMINARIA,REPARACION DE LUMINARIA APAGADA DURANTE LA NOCHE,SOLICITUD,1/1/2017,4:58:35 p.m.,COMUNA 15,PARQUE CHAS,DE LOS INCAS AV.,4702,,-34.5831854102268,-58.4767309168926,WEB,MASCULINO,CERRADO
00000286/17,201701,CONTROL EDILICIO, OBRAS Y CATASTRO,CONTROL DE OBRAS,CONSTRUCCION SIN PERMISO,DENUNCIA,1/1/2017,4:09:10 p.m.,COMUNA 9,LINIERS,COSQUIN,1116,,-34.6506081683778,-58.5198998022826,WEB,MASCULINO,CERRADO
00000289/17,201701,ARBOLADO Y ESPACIOS VERDES,EXTRACCION DE ARBOL,EXTRACCION DE ARBOL,SOLICITUD,1/1/2017,4:11:06 p.m.,COMUNA 10,FLORESTA,VALLESE, FELIPE,3900,,-34.6263226616083,-58.4850354384199,WEB,MASCULINO,CERRADO
00000290/17,201701,ALUMBRADO,REPARACION DE LUMINARIA,REPARACION DE LUMINARIA APAGADA DURANTE LA NOCHE,SOLICITUD,1/1/2017,4:12:05 p.m.,COMUNA 13,NUÑEZ,GRECIA,3123,,-34.5503650101659,-58.4609319598266,WEB,MASCULINO,CERRADO
00000291/17,201701,TRANSITO,DENUNCIA VIAL,VEHICULO MAL ESTACIONADO,DENUNCIA,1/1/2017,4:13:40 p.m.,COMUNA 13,NUÑEZ,CAMPOS SALLES,2200,,-34.5510286380226,-58.4637071040688,APP,MASCULINO,CERRADO
00000295/17,201701,ARBOLADO Y ESPACIOS VERDES,PODA DE ARBOL Y DESPEJE DE LUMINARIA,PODA INTEGRAL / DESPEJE DE LUMINARIA,SOLICITUD,1/1/2017,4:15:41 p.m.,COMUNA 13,NUÑEZ,GRECIA,3123,,-34.5503650101659,-58.4609319598266,WEB,MASCULINO,CERRADO
00000297/17,201701,TRANSITO,DENUNCIA VIAL,VEHICULO MAL ESTACIONADO,DENUNCIA,1/1/2017,4:16:31 p.m.,COMUNA 13,NUÑEZ,CUBA,3200,,-34.5511602644748,-58.4637933254241,APP,MASCULINO,CERRADO
00000305/17,201701,LIMPIEZA Y RECOLECCION,LIMPIEZA DE VIA PUBLICA,RECOLECCION DE RESIDUOS FUERA DEL CONTENEDOR,SOLICITUD,1/1/2017,4:23:45 p.m.,COMUNA 5,ALMAGRO,LAVALLE,3781,,-34.5996007466586,-58.4187176945226,WEB,FEMENINO,CERRADO
00000308/17,201701,ALUMBRADO,REPARACION DE LUMINARIA,REPARACION DE LUMINARIA APAGADA DURANTE LA NOCHE,SOLICITUD,1/1/2017,4:37:02 p.m.,COMUNA 15,VILLA CRESPO,BRAVARD,1194,,-34.6037260907208,-58.4392410037179,WEB,FEMENINO,CERRADO
00000310/17,201701,TRANSITO,DENUNCIA VIAL,VEHICULO MAL ESTACIONADO,DENUNCIA,1/1/2017,4:39:30 p.m.,COMUNA 13,NUÑEZ,VUELTA DE OBLIGADO,3700,,-34.5476331978653,-58.4676797425066,APP,MASCULINO,CERRADO
00000311/17,201701,TRANSITO,DENUNCIA VIAL,VEHICULO MAL ESTACIONADO,DENUNCIA,1/1/2017,4:41:04 p.m.,COMUNA 14,PALERMO,CERVIÑO AV.,3802,,-34.5791098707024,-58.4126748541614,APP,MASCULINO,CERRADO
00000315/17,201701,TRANSITO,DENUNCIA VIAL,VEHICULO MAL ESTACIONADO,DENUNCIA,1/1/2017,4:45:07 p.m.,COMUNA 1,PUERTO MADERO,GUEMES, MACACHA,351,,-34.6051842566728,-58.3635514058248,APP,MASCULINO,CERRADO
00000319/17,201701,TRANSITO,DENUNCIA VIAL,VEHICULO MAL ESTACIONADO,DENUNCIA,1/1/2017,4:54:16 p.m.,COMUNA 14,PALERMO,CERVIÑO AV.,3809,,-34.578926711299,-58.4125475964553,APP,MASCULINO,CERRADO
00000320/17,201701,ALUMBRADO,REPARACION DE LUMINARIA,REPARACION DE LUMINARIA APAGADA DURANTE LA NOCHE,SOLICITUD,1/1/2017,4:54:56 p.m.,COMUNA 15,PARQUE CHAS,GANDARA,,BAUNESS,-34.5834481488456,-58.4812203775345,WEB,MASCULINO,CERRADO
00000322/17,201701,ALUMBRADO,REPARACION DE LUMINARIA,REPARACION DE LUMINARIA ENCENDIDA DURANTE EL DIA,SOLICITUD,1/1/2017,4:57:14 p.m.,COMUNA 15,PARQUE CHAS,DE LOS INCAS AV.,4630,,-34.5825002075019,-58.475822119614,WEB,MASCULINO,CERRADO
00000339/17,201701,TRANSITO,DENUNCIA VIAL,VEHICULO MAL ESTACIONADO,DENUNCIA,1/1/2017,5:18:27 p.m.,COMUNA 11,VILLA SANTA RITA,CONCORDIA,1524,,-34.617764175363,-58.486254814554,APP,MASCULINO,CERRADO
00000352/17,201701,ARBOLADO Y ESPACIOS VERDES,PODA DE ARBOL Y DESPEJE DE LUMINARIA,PODA INTEGRAL / DESPEJE DE LUMINARIA,SOLICITUD,1/1/2017,5:35:15 p.m.,COMUNA 13,BELGRANO,MOLDES,1663,,-34.5675771708259,-58.456019543445,APP,MASCULINO,CERRADO
00000363/17,201701,ARBOLADO Y ESPACIOS VERDES,PARQUES Y PLAZAS,REPARACION DE FUENTES EN PARQUE / PLAZA,SOLICITUD,1/1/2017,5:55:21 p.m.,COMUNA 1,SAN TELMO,BRASIL AV.,350,,-34.6253394856959,-58.369737505754,WEB,FEMENINO,CERRADO
00000365/17,201701,ARBOLADO Y ESPACIOS VERDES,PROBLEMA CON INTERVENCIONES DE ARBOLADO,FALTA DE RECOLECCION DE RESTOS DE PODA DE ARBOLADO PUBLICO,SOLICITUD,1/1/2017,5:59:50 p.m.,COMUNA 11,VILLA DEVOTO,NAVARRO,3392,,-34.5982591300637,-58.5013682487568,WEB,FEMENINO,CERRADO
00000376/17,201701,TRANSITO,VEHICULOS ABANDONADOS,REMOCION DE VEHICULO / AUTO ABANDONADO,SOLICITUD,1/1/2017,6:17:12 p.m.,COMUNA 7,PARQUE CHACABUCO,SENILLOSA,1850,,-34.6376552944608,-58.4255829457835,WEB,FEMENINO,CERRADO
00000457/17,201701,CALLES Y VEREDAS,REPARACION DE BACHES,REPARACION DE BACHE,SOLICITUD,1/1/2017,7:35:54 p.m.,COMUNA 11,VILLA DEVOTO,JUAREZ, BENITO,3360,,-34.6095380053818,-58.5143576398908,APP,FEMENINO,CERRADO
00000384/17,201701,LIMPIEZA Y RECOLECCION,LIMPIEZA DE VIA PUBLICA,MEJORA DE BARRIDO,SOLICITUD,1/1/2017,6:21:01 p.m.,COMUNA 6,CABALLITO,ARANGUREN, JUAN F., DR.,675,,-34.6143345920682,-58.4421141972505,APP,FEMENINO,CERRADO
00000386/17,201701,LIMPIEZA Y RECOLECCION,LIMPIEZA DE VIA PUBLICA,MEJORA DE BARRIDO,SOLICITUD,1/1/2017,6:22:14 p.m.,COMUNA 11,VILLA DEL PARQUE,MELINCUE,3025,,-34.6018942432125,-58.4924643741451,APP,FEMENINO,CERRADO
00000390/17,201701,ARBOLADO Y ESPACIOS VERDES,PROBLEMA CON INTERVENCIONES DE ARBOLADO,FALTA DE RECOLECCION DE RESTOS DE PODA DE ARBOLADO PUBLICO,SOLICITUD,1/1/2017,6:26:07 p.m.,COMUNA 8,VILLA RIACHUELO,COSQUIN,4639,,-34.6845832119217,-58.4776741210181,APP,MASCULINO,CERRADO
00000402/17,201701,MEDIOS DE TRANSPORTE,BICICLETAS,INCONVENIENTES CON ECOBICIS,QUEJA,1/1/2017,6:43:51 p.m.,COMUNA 2,RECOLETA,SANTA FE AV.,2843,,-34.5921328590542,-58.4064725767575,WEB,FEMENINO,CERRADO
00000407/17,201701,SALUD Y SERVICIOS SOCIALES,ENFERMEDADES TRANSMITIDAS POR MOSQUITOS,CRIADEROS DE MOSQUITOS,SOLICITUD,1/1/2017,6:50:56 p.m.,COMUNA 5,ALMAGRO,YATAY,339,,-34.608214236959,-58.4291347755771,WEB,FEMENINO,CERRADO
00000428/17,201701,ORDENAMIENTO DEL ESPACIO PUBLICO,OCUPACION INDEBIDA,OCUPACION INDEBIDA POR LOCAL COMERCIAL,DENUNCIA,1/1/2017,7:18:53 p.m.,COMUNA 5,ALMAGRO,BRAVO, MARIO,120,,-34.6092387395106,-58.4174792223005,WEB,MASCULINO,CERRADO
00000430/17,201701,LIMPIEZA Y RECOLECCION,CESTOS Y CONTENEDORES,LIMPIEZA/VACIADO DE CONTENEDOR,SOLICITUD,1/1/2017,7:20:15 p.m.,COMUNA 7,FLORES,YERBAL,2291,,-34.626965929372,-58.4611464275086,APP,MASCULINO,CERRADO
00000433/17,201701,LIMPIEZA Y RECOLECCION,RESIDUOS VOLUMINOSOS,RETIRO DE RESIDUOS VOLUMINOSOS (MUEBLES Y ELECTRODOMESTICOS),SERVICIO,1/1/2017,7:21:33 p.m.,COMUNA 7,FLORES,YERBAL,2263,,-34.626965929372,-58.4611464275086,APP,MASCULINO,CERRADO
00000434/17,201701,ALUMBRADO,REPARACION DE LUMINARIA,REPARACION DE LUMINARIA APAGADA DURANTE LA NOCHE,SOLICITUD,1/1/2017,7:22:13 p.m.,COMUNA 3,BALVANERA,PASO,380,,-34.6051991112679,-58.403653836266,WEB,MASCULINO,CERRADO
00000437/17,201701,ALUMBRADO,REPARACION DE LUMINARIA,REPARACION DE LUMINARIA APAGADA DURANTE LA NOCHE,SOLICITUD,1/1/2017,7:24:36 p.m.,COMUNA 12,VILLA URQUIZA,IBERA,4234,,-34.5631407930163,-58.4824879902454,APP,MASCULINO,CERRADO
00000447/17,201701,LIMPIEZA Y RECOLECCION,RESIDUOS VOLUMINOSOS,RETIRO DE ESCOMBROS / RESTOS DE OBRA,SERVICIO,1/1/2017,7:28:35 p.m.,COMUNA 13,NUÑEZ,3 DE FEBRERO,3363,,-34.5478729084935,-58.4609736465662,WEB,FEMENINO,CERRADO
00000453/17,201701,MEDIOS DE TRANSPORTE,BICICLETAS,INCONVENIENTES CON ECOBICIS,QUEJA,1/1/2017,7:33:58 p.m.,COMUNA 15,CHACARITA,GUZMAN,101,,-34.5918774844749,-58.4494670248485,WEB,MASCULINO,CERRADO
00000466/17,201701,LIMPIEZA Y RECOLECCION,CESTOS Y CONTENEDORES,INSTALACION/REPARACION DE CONTENEDOR,SOLICITUD,1/1/2017,7:39:22 p.m.,COMUNA 12,VILLA PUEYRREDON,PAZ, GRAL. AV.,5172,,-34.573603117785,-58.5106597538662,APP,FEMENINO,CERRADO
00000467/17,201701,TRANSITO,DENUNCIA VIAL,VEHICULO MAL ESTACIONADO,DENUNCIA,1/1/2017,7:40:38 p.m.,COMUNA 10,VILLA LURO,FALCON, RAMON L.,CNEL.,4908,,-34.6383691578946,-58.496470046117,APP,MASCULINO,CERRADO
00000470/17,201701,TRANSITO,DENUNCIA VIAL,VEHICULO MAL ESTACIONADO,DENUNCIA,1/1/2017,7:42:03 p.m.,COMUNA 10,VILLA LURO,LEOPARDI,143,,-34.6390528283598,-58.4977319427819,APP,MASCULINO,CERRADO
00000492/17,201701,TRANSITO,DENUNCIA VIAL,VEHICULO MAL ESTACIONADO,DENUNCIA,1/1/2017,8:01:34 p.m.,COMUNA 10,VILLA LURO,RAFAELA,5191,,-34.6400771637539,-58.5002726010529,APP,MASCULINO,CERRADO
00000495/17,201701,TRANSITO,DENUNCIA VIAL,VEHICULO MAL ESTACIONADO,DENUNCIA,1/1/2017,8:02:50 p.m.,COMUNA 10,VILLA LURO,RAFAELA,5124,,-34.6400305981968,-58.4993854203569,APP,MASCULINO,CERRADO
00000496/17,201701,LIMPIEZA Y RECOLECCION,RESIDUOS VOLUMINOSOS,RETIRO DE ESCOMBROS / RESTOS DE OBRA,SERVICIO,1/1/2017,8:03:57 p.m.,COMUNA 5,ALMAGRO,RIVADAVIA AV.,4447,,-34.6145874648899,-58.4282875320956,WEB,MASCULINO,CERRADO
00000509/17,201701,ALUMBRADO,REPARACION DE LUMINARIA,REPARACION DE LUMINARIA ENCENDIDA DURANTE EL DIA,SOLICITUD,1/1/2017,8:14:56 p.m.,COMUNA 1,SAN NICOLAS,CORDOBA AV.,420,,-34.5986277048618,-58.3731701721472,WEB,MASCULINO,CERRADO
00000512/17,201701,LIMPIEZA Y RECOLECCION,CESTOS Y CONTENEDORES,INSTALACION/REPARACION DE CONTENEDOR,SOLICITUD,1/1/2017,8:28:34 p.m.,COMUNA 13,COLEGIALES,OLAGUER Y FELIU, VIRREY,3460,,-34.5764346888144,-58.4593754436234,WEB,FEMENINO,CERRADO
00000515/17,201701,CALLES Y VEREDAS,REPARACION DE VEREDA,REPARACION DE VEREDA,SOLICITUD,1/1/2017,8:29:35 p.m.,COMUNA 13,BELGRANO,SUCRE, ANTONIO JOSE DE, MCAL.,850,,-34.5543494400756,-58.4388671746727,APP,MASCULINO,ABIERTO
00000524/17,201701,ALUMBRADO,REPARACION DE LUMINARIA,REPARACION DE LUMINARIA APAGADA DURANTE LA NOCHE,SOLICITUD,1/1/2017,8:33:16 p.m.,COMUNA 1,CONSTITUCION,HUMBERTO 1°,1425,,-34.6211420299895,-58.3862354741761,WEB,MASCULINO,CERRADO
00000528/17,201701,MEDIOS DE TRANSPORTE,COLECTIVOS,REPARACION DE REFUGIO DE COLECTIVO,SOLICITUD,1/1/2017,8:34:30 p.m.,COMUNA 12,SAAVEDRA,CABILDO AV.,3950,,-34.5472322588568,-58.4697345541444,WEB,FEMENINO,CERRADO
00000532/17,201701,TRANSITO,VEHICULOS ABANDONADOS,REMOCION DE VEHICULO / AUTO ABANDONADO,SOLICITUD,1/1/2017,8:36:05 p.m.,COMUNA 15,VILLA CRESPO,URIARTE,1050,,-34.5913171738045,-58.4379370128306,WEB,MASCULINO,CERRADO
00000534/17,201701,TRANSITO,DENUNCIA VIAL,VEHICULO MAL ESTACIONADO,DENUNCIA,1/1/2017,8:38:29 p.m.,COMUNA 3,BALVANERA,SAN LUIS,2721,,-34.5998289088688,-58.40441614922,APP,FEMENINO,CERRADO
00000542/17,201701,TRANSITO,DENUNCIA VIAL,VEHICULO MAL ESTACIONADO,DENUNCIA,1/1/2017,8:46:08 p.m.,COMUNA 13,BELGRANO,MELIAN AV.,2101,,-34.5684828162478,-58.4677843565482,WEB,MASCULINO,CERRADO
00000545/17,201701,TRANSITO,DENUNCIA VIAL,VEHICULO MAL ESTACIONADO,DENUNCIA,1/1/2017,8:48:08 p.m.,COMUNA 10,VILLA LURO,DANTE,203,,-34.6402849259698,-58.5004589540568,APP,MASCULINO,CERRADO
00000546/17,201701,TRANSITO,VEHICULOS ABANDONADOS,REMOCION DE VEHICULO / AUTO ABANDONADO,SOLICITUD,1/1/2017,8:48:29 p.m.,COMUNA 15,VILLA CRESPO,URIARTE,1036,,-34.5913641621728,-58.4380101481313,WEB,MASCULINO,CERRADO
00000549/17,201701,TRANSITO,DENUNCIA VIAL,VEHICULO MAL ESTACIONADO,DENUNCIA,1/1/2017,8:49:36 p.m.,COMUNA 10,VILLA LURO,DANTE,227,,-34.6403504230614,-58.5004465423892,APP,MASCULINO,CERRADO
00000551/17,201701,TRANSITO,DENUNCIA VIAL,VEHICULO MAL ESTACIONADO,DENUNCIA,1/1/2017,8:50:05 p.m.,COMUNA 13,BELGRANO,MELIAN AV.,2101,,-34.5684828162478,-58.4677843565482,WEB,MASCULINO,CERRADO
00000555/17,201701,TRANSITO,DENUNCIA VIAL,VEHICULO MAL ESTACIONADO,DENUNCIA,1/1/2017,8:52:09 p.m.,COMUNA 10,VILLA LURO,ESCALADA AV.,307,,-34.6408128705568,-58.5005169586526,APP,MASCULINO,CERRADO
00000558/17,201701,TRANSITO,DENUNCIA VIAL,VEHICULO MAL ESTACIONADO,DENUNCIA,1/1/2017,8:53:28 p.m.,COMUNA 10,VILLA LURO,CAJARAVILLA,5135,,-34.6411837724459,-58.4991640408925,APP,MASCULINO,CERRADO
00000560/17,201701,TRANSITO,DENUNCIA VIAL,VEHICULO MAL ESTACIONADO,DENUNCIA,1/1/2017,8:53:54 p.m.,COMUNA 13,BELGRANO,JURAMENTO,3685,,-34.569454885927,-58.4693051492658,WEB,MASCULINO,CERRADO
00000561/17,201701,ARBOLADO Y ESPACIOS VERDES,PARQUES Y PLAZAS,INSTALACION DE BANCO EN PARQUE / PLAZA,SOLICITUD,1/1/2017,8:54:05 p.m.,COMUNA 12,VILLA URQUIZA,ECHEVERRIA,4301,,-34.5740398698561,-58.4747917852801,APP,MASCULINO,ABIERTO
00000562/17,201701,TRANSITO,DENUNCIA VIAL,VEHICULO MAL ESTACIONADO,DENUNCIA,1/1/2017,8:54:47 p.m.,COMUNA 10,VILLA LURO,LEOPARDI,242,,-34.640262232422,-58.49738335449,APP,MASCULINO,CERRADO
00000570/17,201701,LIMPIEZA Y RECOLECCION,LIMPIEZA DE VIA PUBLICA,MEJORA DE BARRIDO,SOLICITUD,1/1/2017,8:58:52 p.m.,COMUNA 14,PALERMO,REPUBLICA ARABE SIRIA,2521,,-34.5844686880951,-58.4165349804466,APP,MASCULINO,CERRADO
00000572/17,201701,LIMPIEZA Y RECOLECCION,RESIDUOS VOLUMINOSOS,RETIRO DE ESCOMBROS / RESTOS DE OBRA,SERVICIO,1/1/2017,8:59:36 p.m.,COMUNA 11,VILLA DEVOTO,LLAVALLOL,5071,,-34.5872351876997,-58.5115904455954,WEB,FEMENINO,CERRADO
00000573/17,201701,LIMPIEZA Y RECOLECCION,LIMPIEZA DE VIA PUBLICA,MEJORA DE BARRIDO,SOLICITUD,1/1/2017,9:00:08 p.m.,COMUNA 5,BOEDO,BOEDO AV.,1799,,-34.6352197843062,-58.4162744318844,APP,MASCULINO,CERRADO
00000575/17,201701,TRANSITO,DENUNCIA VIAL,VEHICULO MAL ESTACIONADO,DENUNCIA,1/1/2017,9:01:09 p.m.,COMUNA 13,BELGRANO,ECHEVERRIA,3099,,-34.5668185725178,-58.462460351003,WEB,MASCULINO,CERRADO
00000578/17,201701,TRANSITO,VEHICULOS ABANDONADOS,REMOCION DE VEHICULO / AUTO ABANDONADO,SOLICITUD,1/1/2017,9:02:18 p.m.,COMUNA 15,VILLA CRESPO,URIARTE,1058,,-34.5912701222582,-58.4378637141323,WEB,MASCULINO,CERRADO
00000581/17,201701,TRANSITO,DENUNCIA VIAL,VEHICULO MAL ESTACIONADO,DENUNCIA,1/1/2017,9:03:40 p.m.,COMUNA 13,COLEGIALES,GARCIA, TEODORO,3476,,-34.5798113185379,-58.4517794942924,WEB,MASCULINO,CERRADO
00000584/17,201701,ALUMBRADO,REPARACION DE LUMINARIA,REPARACION DE LUMINARIA APAGADA DURANTE LA NOCHE,SOLICITUD,1/1/2017,9:04:52 p.m.,COMUNA 5,BOEDO,HUMBERTO 1°,3585,,-34.6244872073639,-58.4159100797784,APP,FEMENINO,CERRADO
00000586/17,201701,TRANSITO,VEHICULOS ABANDONADOS,REMOCION DE VEHICULO / AUTO ABANDONADO,SOLICITUD,1/1/2017,9:06:36 p.m.,COMUNA 15,VILLA CRESPO,URIARTE,1024,,-34.591438905213,-58.4381263626788,WEB,MASCULINO,CERRADO
00000588/17,201701,TRANSITO,DENUNCIA VIAL,VEHICULO MAL ESTACIONADO,DENUNCIA,1/1/2017,9:07:53 p.m.,COMUNA 12,VILLA URQUIZA,JURAMENTO,4449,,-34.573678912727,-58.4764766138056,WEB,MASCULINO,CERRADO
00000590/17,201701,ORDENAMIENTO DEL ESPACIO PUBLICO,OCUPACION INDEBIDA,MARQUESINA / TOLDO / ANUNCIO PUBLICITARIO EN MAL ESTADO,DENUNCIA,1/1/2017,9:11:08 p.m.,COMUNA 12,VILLA URQUIZA,DIAZ COLODRERO,3491,,-34.5640046683116,-58.4930887498841,APP,FEMENINO,CERRADO
00000596/17,201701,CALLES Y VEREDAS,REPARACION DE VEREDA,REPARACION DE VEREDA,SOLICITUD,1/1/2017,9:12:48 p.m.,COMUNA 12,VILLA URQUIZA,DIAZ COLODRERO,3493,,-34.5638888683644,-58.4931729004609,APP,FEMENINO,CERRADO
00000604/17,201701,TRANSITO,DENUNCIA VIAL,VEHICULO MAL ESTACIONADO,DENUNCIA,1/1/2017,9:17:29 p.m.,COMUNA 12,VILLA URQUIZA,JURAMENTO,3895,,-34.570587968334,-58.4712380438018,WEB,MASCULINO,CERRADO
00000606/17,201701,TRANSITO,DENUNCIA VIAL,VEHICULO MAL ESTACIONADO,DENUNCIA,1/1/2017,9:20:55 p.m.,COMUNA 12,VILLA URQUIZA,JURAMENTO,4399,,-34.5733627672699,-58.4759385797964,WEB,MASCULINO,CERRADO
00000607/17,201701,TRANSITO,DENUNCIA VIAL,VEHICULO MAL ESTACIONADO,DENUNCIA,1/1/2017,9:20:57 p.m.,COMUNA 10,VILLA LURO,RAFAELA,4995,,-34.6396874319118,-58.4974079987183,APP,MASCULINO,CERRADO
00000615/17,201701,LIMPIEZA Y RECOLECCION,LIMPIEZA DE VIA PUBLICA,RECOLECCION DE RESIDUOS FUERA DEL CONTENEDOR,SOLICITUD,1/1/2017,9:25:55 p.m.,COMUNA 3,BALVANERA,ENTRE RIOS AV.,1,,-34.6093082437564,-58.3919569876926,WEB,FEMENINO,CERRADO
00000621/17,201701,TRANSITO,DENUNCIA VIAL,VEHICULO MAL ESTACIONADO,DENUNCIA,1/1/2017,9:31:39 p.m.,COMUNA 10,VILLA LURO,RAFAELA,4995,,-34.6396874319118,-58.4974079987183,APP,MASCULINO,CERRADO
00000622/17,201701,TRANSITO,VEHICULOS ABANDONADOS,REMOCION DE VEHICULO / AUTO ABANDONADO,SOLICITUD,1/1/2017,9:32:13 p.m.,COMUNA 15,VILLA CRESPO,URIARTE,1022,,-34.5914529268638,-58.4381482455771,WEB,MASCULINO,CERRADO
00000628/17,201701,TRANSITO,DENUNCIA VIAL,VEHICULO MAL ESTACIONADO,DENUNCIA,1/1/2017,9:35:26 p.m.,COMUNA 10,VILLA LURO,RAFAELA,4995,,-34.6396874319118,-58.4974079987183,APP,MASCULINO,CERRADO
00000634/17,201701,TRANSITO,VEHICULOS ABANDONADOS,REMOCION DE VEHICULO / AUTO ABANDONADO,SOLICITUD,1/1/2017,9:39:11 p.m.,COMUNA 15,VILLA CRESPO,URIARTE,1052,,-34.5913054154167,-58.4379186281972,WEB,FEMENINO,CERRADO
00000644/17,201701,TRANSITO,DENUNCIA VIAL,VEHICULO MAL ESTACIONADO,DENUNCIA,1/1/2017,9:50:15 p.m.,COMUNA 6,CABALLITO,AVELLANEDA,307,,-34.6128127522762,-58.4349302680444,APP,MASCULINO,CERRADO
00000651/17,201701,ALUMBRADO,REPARACION DE LUMINARIA,REPARACION DE LUMINARIA APAGADA DURANTE LA NOCHE,SOLICITUD,1/1/2017,9:59:30 p.m.,COMUNA 13,BELGRANO,SUCRE, ANTONIO JOSE DE, MCAL.,2689,,-34.5654412278504,-58.4576968641637,WEB,MASCULINO,CERRADO
00000653/17,201701,ALUMBRADO,REPARACION DE LUMINARIA,REPARACION DE LUMINARIA APAGADA DURANTE LA NOCHE,SOLICITUD,1/1/2017,10:02:35 p.m.,COMUNA 13,BELGRANO,MOLDES,1875,,-34.5658620056898,-58.4575135547228,WEB,MASCULINO,CERRADO
00000663/17,201701,ALUMBRADO,REPARACION DE LUMINARIA,REPARACION DE LUMINARIA APAGADA DURANTE LA NOCHE,SOLICITUD,1/1/2017,10:09:39 p.m.,COMUNA 7,FLORES,CRANWELL,574,,-34.6354649639641,-58.4587371455942,WEB,FEMENINO,CERRADO
00000665/17,201701,ALUMBRADO,REPARACION DE LUMINARIA,REPARACION DE LUMINARIA APAGADA DURANTE LA NOCHE,SOLICITUD,1/1/2017,10:12:15 p.m.,COMUNA 7,FLORES,PRIMERA JUNTA,2362,,-34.6376931312588,-58.4566998136282,WEB,FEMENINO,CERRADO
00000668/17,201701,LIMPIEZA Y RECOLECCION,RESIDUOS VOLUMINOSOS,RETIRO DE RESIDUOS VOLUMINOSOS (MUEBLES Y ELECTRODOMESTICOS),SERVICIO,1/1/2017,10:14:27 p.m.,COMUNA 11,VILLA DEVOTO,PAREJA,3321,,-34.5933571619324,-58.5043786437307,WEB,MASCULINO,CERRADO
00000673/17,201701,CALLES Y VEREDAS,OTROS,REPARACION DE ELEMENTOS EN TUNELES / PUENTES,SOLICITUD,1/1/2017,10:16:39 p.m.,COMUNA 6,CABALLITO,RIVADAVIA AV.,5586,,-34.6217992802815,-58.4439284045515,APP,MASCULINO,ABIERTO
00000673/17,201701,CALLES Y VEREDAS,OTROS,REPARACION DE ELEMENTOS EN TUNELES / PUENTES,SOLICITUD,1/1/2017,10:16:39 p.m.,COMUNA 6,CABALLITO,RIVADAVIA AV.,5586,,-34.6217992802815,-58.4439284045515,APP,MASCULINO,ABIERTO
00000688/17,201701,LIMPIEZA Y RECOLECCION,CESTOS Y CONTENEDORES,INSTALACION/REPARACION DE CONTENEDOR,SOLICITUD,1/1/2017,10:24:29 p.m.,COMUNA 12,VILLA URQUIZA,LAVOISIER,3167,,-34.5720071682934,-58.4990675642816,WEB,FEMENINO,CERRADO
00000693/17,201701,ALUMBRADO,REPARACION DE LUMINARIA,REPARACION DE LUMINARIA APAGADA DURANTE LA NOCHE,SOLICITUD,1/1/2017,10:28:00 p.m.,COMUNA 12,VILLA URQUIZA,QUESADA,4700,,-34.565953245465,-58.4853799048829,WEB,MASCULINO,CERRADO
00000702/17,201701,TRANSITO,VEHICULOS ABANDONADOS,REMOCION DE VEHICULO / AUTO ABANDONADO,SOLICITUD,1/1/2017,10:36:30 p.m.,COMUNA 3,BALVANERA,TUCUMAN,3144,,-34.6007654937017,-58.4098152345508,WEB,FEMENINO,CERRADO
00000715/17,201701,LIMPIEZA Y RECOLECCION,RESIDUOS VOLUMINOSOS,RETIRO DE ESCOMBROS / RESTOS DE OBRA,SERVICIO,1/1/2017,10:51:09 p.m.,COMUNA 11,VILLA DEVOTO,PAREJA,3321,,-34.5933571619324,-58.5043786437307,WEB,MASCULINO,CERRADO
00000717/17,201701,ALUMBRADO,REPARACION DE LUMINARIA,REPARACION DE LUMINARIA APAGADA DURANTE LA NOCHE,SOLICITUD,1/1/2017,10:52:48 p.m.,COMUNA 15,AGRONOMIA,NUEVA YORK,3083,,-34.5928439154152,-58.4999441608818,WEB,MASCULINO,CERRADO
00000720/17,201701,LIMPIEZA Y RECOLECCION,RESIDUOS VOLUMINOSOS,RETIRO DE RESIDUOS VOLUMINOSOS (MUEBLES Y ELECTRODOMESTICOS),SERVICIO,1/1/2017,10:54:28 p.m.,COMUNA 12,SAAVEDRA,FREIRE, RAMON, CAP. GRAL.,4875,,-34.5432604953377,-58.4836167942006,WEB,MASCULINO,CERRADO
